Total Cost,Total Sales,Total Tax,Total Transactions,ProductAlternateKey,ProductLine,ModelName
0.8565,2.29,0.1832,1,PK-7098,S,Patch kit
1.4923,3.99,0.3192,1,TT-R982,R,Road Tire Tube
1.8663,4.99,0.3992,1,TT-M928,M,Mountain Tire Tube
1.8663,4.99,0.3992,1,TT-T092,T,Touring Tire Tube
1.8663,4.99,0.3992,1,WB-H098,S,Water Bottle
2.9733,7.95,0.636,1,CL-9009,S,Bike Wash
3.3623,8.99,0.7192,1,BC-R205,R,Road Bottle Cage
3.3623,8.99,0.7192,1,SO-R809-L,R,Racing Socks
3.3623,8.99,0.7192,1,SO-R809-M,R,Racing Socks
3.7363,9.99,0.7992,1,BC-M005,M,Mountain Bottle Cage
6.9223,8.99,0.7192,1,CA-1098,S,Cycling Cap
8.0373,21.49,1.7192,1,TI-R092,R,LL Road Tire
8.2205,21.98,1.7584,1,FE-6654,M,Fender Set - Mountain
9.1593,24.49,1.9592,1,GL-H102-L,S,Half-Finger Gloves
9.1593,24.49,1.9592,1,GL-H102-M,S,Half-Finger Gloves
9.1593,24.49,1.9592,1,GL-H102-S,S,Half-Finger Gloves
9.3463,24.99,1.9992,1,TI-M267,M,LL Mountain Tire
9.3463,24.99,1.9992,1,TI-R628,R,ML Road Tire
10.8423,28.99,2.3192,1,TI-T723,T,Touring Tire
11.2163,29.99,2.3992,1,TI-M602,M,ML Mountain Tire
12.1924,32.6,2.608,1,TI-R982,R,HL Road Tire
13.0863,34.99,2.7992,1,HL-U509,S,Sport-100
13.0863,34.99,2.7992,1,HL-U509-B,S,Sport-100
13.0863,34.99,2.7992,1,HL-U509-R,S,Sport-100
13.09,35,2.8,1,TI-M823,M,HL Mountain Tire
20.5663,54.99,4.3992,1,HY-1023-70,S,Hydration Pack
23.749,63.5,5.08,1,VE-C304-L,S,Classic Vest
23.749,63.5,5.08,1,VE-C304-M,S,Classic Vest
23.749,63.5,5.08,1,VE-C304-S,S,Classic Vest
26.1763,69.99,5.5992,1,SH-W890-L,M,Women's Mountain Shorts
26.1763,69.99,5.5992,1,SH-W890-M,M,Women's Mountain Shorts
26.1763,69.99,5.5992,1,SH-W890-S,M,Women's Mountain Shorts
38.4923,49.99,3.9992,1,LJ-0192-L,S,Long-Sleeve Logo Jersey
38.4923,49.99,3.9992,1,LJ-0192-M,S,Long-Sleeve Logo Jersey
38.4923,49.99,3.9992,1,LJ-0192-S,S,Long-Sleeve Logo Jersey
38.4923,49.99,3.9992,1,LJ-0192-X,S,Long-Sleeve Logo Jersey
41.5723,53.99,4.3192,1,SJ-0194-L,S,Short-Sleeve Classic Jersey
41.5723,53.99,4.3192,1,SJ-0194-M,S,Short-Sleeve Classic Jersey
41.5723,53.99,4.3192,1,SJ-0194-S,S,Short-Sleeve Classic Jersey
41.5723,53.99,4.3192,1,SJ-0194-X,S,Short-Sleeve Classic Jersey
44.88,120,9.6,1,RA-H123,S,Hitch Rack - 4-Bike
59.466,159,12.72,1,ST-1401,M,All-Purpose Bike Stand
294.5797,539.99,43.1992,1,BK-M18B-40,M,Mountain-500
294.5797,539.99,43.1992,1,BK-M18B-42,M,Mountain-500
294.5797,539.99,43.1992,1,BK-M18B-44,M,Mountain-500
294.5797,539.99,43.1992,1,BK-M18B-48,M,Mountain-500
294.5797,539.99,43.1992,1,BK-M18B-52,M,Mountain-500
308.2179,564.99,45.1992,1,BK-M18S-40,M,Mountain-500
308.2179,564.99,45.1992,1,BK-M18S-42,M,Mountain-500
308.2179,564.99,45.1992,1,BK-M18S-44,M,Mountain-500
308.2179,564.99,45.1992,1,BK-M18S-48,M,Mountain-500
308.2179,564.99,45.1992,1,BK-M18S-52,M,Mountain-500
343.6496,539.99,43.1992,1,BK-R19B-44,R,Road-750
343.6496,539.99,43.1992,1,BK-R19B-48,R,Road-750
343.6496,539.99,43.1992,1,BK-R19B-52,R,Road-750
343.6496,539.99,43.1992,1,BK-R19B-58,R,Road-750
419.7784,769.49,61.5592,1,BK-M38S-38,M,Mountain-400-W
419.7784,769.49,61.5592,1,BK-M38S-40,M,Mountain-400-W
419.7784,769.49,61.5592,1,BK-M38S-42,M,Mountain-400-W
419.7784,769.49,61.5592,1,BK-M38S-46,M,Mountain-400-W
461.4448,742.35,59.388,1,BK-T18U-44,T,Touring-3000
461.4448,742.35,59.388,1,BK-T18U-50,T,Touring-3000
461.4448,742.35,59.388,1,BK-T18U-54,T,Touring-3000
461.4448,742.35,59.388,1,BK-T18U-58,T,Touring-3000
461.4448,742.35,59.388,1,BK-T18U-62,T,Touring-3000
461.4448,742.35,59.388,1,BK-T18Y-44,T,Touring-3000
461.4448,742.35,59.388,1,BK-T18Y-50,T,Touring-3000
461.4448,742.35,59.388,1,BK-T18Y-54,T,Touring-3000
461.4448,742.35,59.388,1,BK-T18Y-58,T,Touring-3000
461.4448,742.35,59.388,1,BK-T18Y-62,T,Touring-3000
755.1508,1214.85,97.188,1,BK-T44U-46,T,Touring-2000
755.1508,1214.85,97.188,1,BK-T44U-50,T,Touring-2000
755.1508,1214.85,97.188,1,BK-T44U-54,T,Touring-2000
755.1508,1214.85,97.188,1,BK-T44U-60,T,Touring-2000
899.8529,1482.0882,118.5671,2,BK-R50B-44,R,Road-650
899.8529,1482.0882,118.5671,2,BK-R50B-48,R,Road-650
899.8529,1482.0882,118.5671,2,BK-R50B-52,R,Road-650
899.8529,1482.0882,118.5671,2,BK-R50B-58,R,Road-650
899.8529,1482.0882,118.5671,2,BK-R50B-60,R,Road-650
899.8529,1482.0882,118.5671,2,BK-R50B-62,R,Road-650
899.8529,1482.0882,118.5671,2,BK-R50R-44,R,Road-650
899.8529,1482.0882,118.5671,2,BK-R50R-48,R,Road-650
899.8529,1482.0882,118.5671,2,BK-R50R-52,R,Road-650
899.8529,1482.0882,118.5671,2,BK-R50R-58,R,Road-650
899.8529,1482.0882,118.5671,2,BK-R50R-60,R,Road-650
899.8529,1482.0882,118.5671,2,BK-R50R-62,R,Road-650
1082.51,1700.99,136.0792,1,BK-R79Y-40,R,Road-350-W
1082.51,1700.99,136.0792,1,BK-R79Y-42,R,Road-350-W
1082.51,1700.99,136.0792,1,BK-R79Y-44,R,Road-350-W
1082.51,1700.99,136.0792,1,BK-R79Y-48,R,Road-350-W
1318.729,2120.9275,169.6742,2,BK-R64Y-38,R,Road-550-W
1318.729,2120.9275,169.6742,2,BK-R64Y-40,R,Road-550-W
1318.729,2120.9275,169.6742,2,BK-R64Y-42,R,Road-550-W
1318.729,2120.9275,169.6742,2,BK-R64Y-44,R,Road-550-W
1318.729,2120.9275,169.6742,2,BK-R64Y-48,R,Road-550-W
1481.9379,2384.07,190.7256,1,BK-T79U-46,T,Touring-1000
1481.9379,2384.07,190.7256,1,BK-T79U-50,T,Touring-1000
1481.9379,2384.07,190.7256,1,BK-T79U-54,T,Touring-1000
1481.9379,2384.07,190.7256,1,BK-T79U-60,T,Touring-1000
1481.9379,2384.07,190.7256,1,BK-T79Y-46,T,Touring-1000
1481.9379,2384.07,190.7256,1,BK-T79Y-50,T,Touring-1000
1481.9379,2384.07,190.7256,1,BK-T79Y-54,T,Touring-1000
1481.9379,2384.07,190.7256,1,BK-T79Y-60,T,Touring-1000
1518.7864,2443.35,195.468,1,BK-R89R-44,R,Road-250
1518.7864,2443.35,195.468,1,BK-R89R-48,R,Road-250
1518.7864,2443.35,195.468,1,BK-R89R-52,R,Road-250
1898.0944,3374.99,269.9992,1,BK-M82B-38,M,Mountain-100
1898.0944,3374.99,269.9992,1,BK-M82B-42,M,Mountain-100
1898.0944,3374.99,269.9992,1,BK-M82B-44,M,Mountain-100
1898.0944,3374.99,269.9992,1,BK-M82B-48,M,Mountain-100
1912.1544,3399.99,271.9992,1,BK-M82S-38,M,Mountain-100
1912.1544,3399.99,271.9992,1,BK-M82S-42,M,Mountain-100
1912.1544,3399.99,271.9992,1,BK-M82S-44,M,Mountain-100
1912.1544,3399.99,271.9992,1,BK-M82S-48,M,Mountain-100
2171.2942,3578.27,286.2616,1,BK-R93R-44,R,Road-150
2171.2942,3578.27,286.2616,1,BK-R93R-48,R,Road-150
2171.2942,3578.27,286.2616,1,BK-R93R-52,R,Road-150
2171.2942,3578.27,286.2616,1,BK-R93R-56,R,Road-150
2171.2942,3578.27,286.2616,1,BK-R93R-62,R,Road-150
2357.7913,4344.0882,347.5271,2,BK-M68B-38,M,Mountain-200
2357.7913,4344.0882,347.5271,2,BK-M68B-42,M,Mountain-200
2357.7913,4344.0882,347.5271,2,BK-M68B-46,M,Mountain-200
2383.4754,4391.4096,351.3128,2,BK-M68S-38,M,Mountain-200
2383.4754,4391.4096,351.3128,2,BK-M68S-42,M,Mountain-200
2383.4754,4391.4096,351.3128,2,BK-M68S-46,M,Mountain-200
2875.6317,4624.9125,369.993,2,BK-R89B-44,R,Road-250
2875.6317,4624.9125,369.993,2,BK-R89B-48,R,Road-250
2875.6317,4624.9125,369.993,2,BK-R89B-52,R,Road-250
2875.6317,4624.9125,369.993,2,BK-R89B-58,R,Road-250
2875.6317,4624.9125,369.993,2,BK-R89R-58,R,Road-250
